{
    "lon0":11.111022598146052,
    "lat0":49.46121044410717,
    "images":[
        [
            11.111036219889447,
            49.461208967856706,
            1.854,
            0.998774,
            0.00023,
            0.000678,
            0.049502,
            0.0
        ],
        [
            11.111047315413398,
            49.4612122325651,
            1.853,
            0.965228,
            -8.6e-05,
            0.003351,
            0.261389,
            0.0
        ],
        [
            11.111058961786934,
            49.461220241271604,
            1.853,
            0.859253,
            -0.002567,
            0.00361,
            0.511532,
            0.0
        ]
    ],
    "floors":{
        "EG":{
            "z":0.0,
            "i":[
                [
                    0,
                    3
                ]
            ],
            "map":{
                "width":2728,
                "height":2489,
                "x":1405,
                "y":1744,
                "density":50,
                "name":"map0"
            }
        }
    }
}